rank	name
2	packaging
3	urllib3
5	certifi
6	requests
7	typing-extensions
9	idna
10	charset-normalizer
11	aiobotocore
14	cryptography
17	numpy
20	pip
22	pluggy
23	pydantic
27	click
29	pandas
30	attrs
31	pydantic-core
32	pytest
33	anyio
34	markupsafe
36	iniconfig
37	platformdirs
39	wheel
41	filelock
42	jinja2
44	pathspec
45	pyjwt
49	pytz
51	typing-inspection
53	aiohttp
54	python-dotenv
56	multidict
57	jsonschema
58	google-auth
59	tzdata
60	yarl
62	tqdm
63	google-api-core
67	virtualenv
68	frozenlist
69	propcache
70	googleapis-common-protos
72	rpds-py
74	referencing
75	aiosignal
78	pillow
83	jsonschema-specifications
85	trove-classifiers
86	uvicorn
87	aiohappyeyeballs
88	starlette
89	oauthlib
92	fastapi
93	google-genai
96	tenacity
107	soupsieve
112	shellingham
114	langchain
115	hatchling
117	exceptiongroup
121	annotated-doc
123	websockets
124	pyopenssl
126	werkzeug
127	coverage
129	flask
130	pynacl
133	msgpack
134	typer
136	pydantic-settings
140	networkx
141	poetry-core
142	dnspython
144	python-multipart
148	scikit-learn
150	joblib
155	bcrypt
157	matplotlib
159	ruff
162	fonttools
164	jiter
167	threadpoolctl
168	itsdangerous
171	kiwisolver
174	secretstorage
178	jeepney
184	chardet
185	google-resumable-media
187	orjson
189	defusedxml
192	blinker
195	pyproject-hooks
196	rapidfuzz
202	google-api-python-client
203	build
205	pytest-asyncio
207	google-cloud-bigquery
209	cycler
210	setuptools-scm
211	google-cloud-aiplatform
212	watchfiles
215	cloudpickle
218	uritemplate
221	httplib2
223	marshmallow
224	transformers
227	babel
229	hf-xet
230	sympy
232	ipython
233	docstring-parser
235	uv
236	aiofiles
237	xmltodict
241	black
246	traitlets
247	tornado
254	google-cloud-secret-manager
258	opensearch-py
262	matplotlib-inline
266	mcp
268	langchain-core
270	grpc-google-iam-v1
280	cachecontrol
283	google-cloud-batch
284	pytest-xdist
286	pymongo
287	execnet
288	awswrangler
291	databricks-sdk
292	authlib
294	litellm
295	google-analytics-admin
297	termcolor
299	aioitertools
302	xxhash
303	dulwich
304	pyzmq
306	installer
307	dbt-adapters
309	typer-slim
312	pytest-mock
320	poetry
321	dbt-common
323	dataclasses-json
325	slack-sdk
327	langsmith
328	cattrs
330	pendulum
331	croniter
332	notebook
333	jupyter-core
336	argcomplete
339	datadog
342	cleo
344	ipykernel
351	smart-open
352	tinycss2
353	poetry-plugin-export
354	jupyter-client
358	comm
359	loguru
360	mistune
362	sphinx
363	types-awscrt
366	botocore-stubs
367	narwhals
369	simplejson
371	structlog
376	jsonschema-path
377	types-s3transfer
380	google-cloud-monitoring
381	numba
385	librt
386	rich-toolkit
387	google-cloud-vision
388	typeguard
389	opensearch-protobufs
390	google-cloud-speech
391	google-cloud-kms
393	google-cloud-resource-manager
394	nbformat
395	toolz
396	google-cloud-compute
398	google-cloud-tasks
400	google-cloud-dlp
401	google-cloud-bigtable
402	pbs-installer
406	nbconvert
407	zope-interface
408	google-cloud-videointelligence
409	google-cloud-language
410	argon2-cffi
414	google-cloud-workflows
416	pylint
419	google-cloud-os-login
421	google-cloud-dataform
426	colorlog
429	pathable
430	google-cloud-redis
431	llvmlite
432	ipython-pygments-lexers
433	langchain-openai
434	nbclient
438	asyncpg
440	plotly
444	google-cloud-memcache
447	astroid
450	async-lru
453	trio
455	jupyter-server
457	humanize
458	beartype
464	altair
466	google-cloud-pubsub
470	google-cloud-appengine-logging
485	pyee
491	flask-cors
492	polars
494	absl-py
495	jupyterlab-server
496	send2trash
500	uuid-utils
510	mmh3
513	prettytable
514	fastmcp
515	diskcache
516	db-dtypes
520	langchain-community
523	freezegun
526	langgraph
527	langchain-text-splitters
534	terminado
539	jupyter-server-terminals
542	thrift
548	jupyter-events
552	zeep
554	aiosqlite
558	pypdf
565	fakeredis
570	google-cloud-run
571	mashumaro
572	google-cloud-texttospeech
573	google-cloud-bigquery-datatransfer
576	google-cloud-orchestration-airflow
578	google-cloud-dataproc-metastore
579	imageio
580	dateparser
584	langgraph-prebuilt
588	h5py
589	inspect-ai
593	google-cloud-bigquery-storage
594	google-cloud-automl
597	py-key-value-aio
598	universal-pathlib
600	ormsgpack
601	omegaconf
604	moto
605	google-cloud-dataflow-client
607	pandas-gbq
610	streamlit
611	aioboto3
619	langgraph-sdk
620	retrying
622	checkov
625	langgraph-checkpoint
627	pycountry
630	linkify-it-py
631	libcst
632	ujson
633	fastapi-cli
638	uc-micro-py
639	bytecode
641	msgspec
644	polars-runtime-32
647	duckdb
649	envier
650	tox
656	agate
661	ml-dtypes
665	openapi-spec-validator
666	google-cloud-dataproc
667	great-expectations
668	pydantic-extra-types
669	tooth-python
672	openapi-pydantic
676	python-telegram-bot
679	readme-renderer
680	cramjam
685	backports-zstd
688	cuda-bindings
690	pydocket
695	ninja
697	google-cloud-spanner
700	pathvalidate
702	yamllint
703	pytest-json-ctrf
704	hvac
706	cuda-pathfinder
711	langchain-google-vertexai
716	apscheduler
717	holidays
720	twine
721	pypdf2
729	pyiceberg
731	bracex
736	pybind11
738	scikit-image
739	posthog
742	leather
745	openapi-schema-validator
746	uv-build
747	flask-sqlalchemy
748	limits
750	cssselect
756	pip-tools
758	dbt-extractor
763	ua-parser
765	pypdfium2
767	wcmatch
772	id
773	cbor2
774	astronomer-cosmos
776	cssselect2
777	jira
782	lazy-loader
785	grpc-interceptor
791	flit-core
793	pymdown-extensions
797	flask-limiter
798	pymilvus
801	click-option-group
807	kubernetes-asyncio
810	datadog-api-client
812	djangorestframework
815	pathlib-abc
824	google-cloud-translate
825	levenshtein
831	aws-lambda-powertools
832	pytest-html
834	joserfc
840	time-machine
841	py-key-value-shared
843	singer-sdk
844	spacy
848	murmurhash
852	databricks-labs-blueprint
855	google-cloud-container
859	google-cloud-datacatalog
862	jax
868	pyotp
869	google-cloud-build
870	python-gitlab
872	cymem
873	ua-parser-builtins
874	blis
875	emoji
880	google-cloud-dataplex
882	preshed
884	sqlalchemy-spanner
887	google-cloud-storage-transfer
888	pytest-env
890	maxminddb
891	srsly
892	thinc
893	sh
894	pyspnego
898	pydantic-ai-slim
900	watchtower
902	fastapi-cloud-cli
904	pybase64
906	pyathena
912	pyproject-api
924	ty
925	amazon-ion
932	immutabledict
937	geopandas
938	xarray
940	bandit
941	python-discovery
943	cmake
950	mkdocs-material
951	confection
953	django-cors-headers
954	geoip2
955	resolvelib
956	wtforms
964	mkdocs
968	google-ai-generativelanguage
972	onnx
973	flask-wtf
978	pydantic-graph
980	pyyaml-env-tag
982	caio
983	azure-kusto-data
985	configargparse
990	realtime
991	apispec
992	testcontainers
1001	prek
1003	weasyprint
1009	json-repair
1010	langchain-classic
1013	face
1020	aiohttp-cors
1026	kfp
1027	langcodes
1034	mkdocs-get-deps
1035	aiodns
1036	faiss-cpu
1037	langchain-anthropic
1039	jaxlib
1044	optuna
1046	weasel
1048	openai-agents
1053	pydantic-ai
1057	langfuse
1059	incremental
1065	shap
1067	pytest-django
1069	gradio
1073	datamodel-code-generator
1074	hydra-core
1082	pooch
1085	hatch
1095	firebase-admin
1096	html2text
1104	supabase
1109	pyogrio
1111	pybreaker
1121	backports-asyncio-runner
1125	flask-session
1126	meson-python
1127	aiomysql
1128	pydyf
1130	storage3
1136	sqlmodel
1139	cadwyn
1140	postgrest
1142	yt-dlp
1143	synchronicity
1145	backrefs
1148	ftfy
1149	pyproject-metadata
1153	pyrfc3339
1157	maturin
1161	packageurl-python
1162	ansible
1163	service-identity
1164	pyinstrument
1167	cyclonedx-python-lib
1169	modal
1172	wirerope
1176	torchmetrics
1180	twisted
1199	requirements-parser
1211	prefect
1213	patchelf
1214	truststore
1216	flit
1219	aiolimiter
1223	binaryornot
1230	pypika
1240	langchain-google-genai
1242	soxr
1247	ddsketch
1248	unearth
1250	marshmallow-sqlalchemy
1255	supabase-auth
1256	smbprotocol
1258	pep517
1259	python-on-whales
1261	supabase-functions
1266	constantly
1267	pytest-repeat
1269	nodejs-wheel-binaries
1272	roman-numerals
1276	pandera
1278	dbt-snowflake
1285	pymsteams
1286	pdm
1288	cmdstanpy
1290	google-cloud-storage-control
1291	whitenoise
1294	skops
1296	workos
1303	kaitaistruct
1311	google-re2
1314	prophet
1317	motor
1320	backports-datetime-fromisoformat
1322	dep-logic
1323	slackclient
1330	langchain-aws
1332	pydantic-evals
1337	pipx
1342	langgraph-api
1344	ollama
1350	requests-cache
1354	cookiecutter
1356	azure-kusto-ingest
1360	cloud-sql-python-connector
1361	librosa
1362	click-default-group
1363	setuptools-rust
1370	hatch-fancy-pypi-readme
1371	pipdeptree
1375	arro3-core
1381	sqlalchemy-jsonfield
1382	logfire-api
1383	gradio-client
1391	aiokafka
1401	cytoolz
1423	pypandoc-binary
1425	google-cloud-alloydb
1429	fireworks-ai
1433	parse-type
1436	uvicorn-worker
1439	ultralytics
1442	icdiff
1443	constructs
1446	pip-api
1455	pip-audit
1456	audioread
1462	wikipedia-api
1478	asana
1480	ansible-lint
1481	django-debug-toolbar
1483	backports-strenum
1485	google-cloud-managedkafka
1490	slack-bolt
1494	kaleido
1498	pyhcl
1510	genai-prices
1516	langchain-google-community
1524	urwid
1529	scikit-build-core
1535	django-stubs-ext
1539	logfire
1540	pytest-icdiff
1541	sphinx-autodoc-typehints
1544	polyfactory
1546	google-cloud-iam
1548	w3lib
1549	dependency-injector
1551	logbook
1554	eventlet
1565	dependency-groups
1567	google-cloud-pubsublite
1573	pikepdf
1576	jsonpath-python
1592	sounddevice
1600	django-stubs
1608	asyncer
1617	sql-metadata
1634	win32-setctime
1638	fpdf2
1642	autoflake
1644	blake3
1645	cerberus
1647	marshmallow-oneofschema
1649	google-cloud-trace
1657	aws-cdk-asset-awscli-v1
1658	pyzstd
1676	google-cloud-discoveryengine
1684	pyfakefs
1686	sphinx-autoapi
1688	strands-agents
1689	datasketch
1692	pyclipper
1702	line-bot-sdk
1703	python-backoff
1712	prefect-aws
1713	django-celery-beat
1715	openapi-core
1717	pycurl
1719	tree-sitter-language-pack
1720	dbt-postgres
1723	autograd
1725	atpublic
1731	rtree
1732	vulture
1735	google-cloud-bigquery-biglake
1737	bitsandbytes
1738	moviepy
1739	sentinels
1740	catboost
1742	pytest-randomly
1743	pyahocorasick
1747	pyppmd
1749	anytree
1750	json-merge-patch
1754	nox
1757	ffmpy
1761	dbt-spark
1763	zarr
1768	py7zr
1770	svcs
1772	rustworkx
1773	safety
1777	language-data
1783	dspy
1785	pyhanko
1797	environs
1798	deptry
1799	pybcj
1804	google-analytics-data
1805	tox-uv
1810	pyhamcrest
1813	openai-harmony
1815	inflate64
1821	google-cloud-recommendations-ai
1822	selectolax
1823	flax
1824	behave
1832	xgrammar
1839	partial-json-parser
1842	unstructured
1845	hishel
1851	kfp-pipeline-spec
1853	yaspin
1854	biotite
1858	proglog
1862	ultralytics-thop
1863	pynamodb
1864	magika
1867	cupy-cuda12x
1875	databricks-labs-lsql
1876	parsel
1877	docling
1883	llguidance
1887	pypandoc
1898	pytest-order
1906	regress
1911	hypercorn
1913	pyyaml-ft
1915	pex
1916	terminaltables
1922	pint
1923	bedrock-agentcore
1925	aws-cdk-asset-node-proxy-agent-v6
1929	a2a-sdk
1930	gssapi
1931	github3-py
1932	mbstrdecoder
1935	langchain-mcp-adapters
1936	trimesh
1941	legacy-cgi
1942	parver
1945	swagger-ui-bundle
1948	pyenchant
1950	typepy
1952	dbt-bigquery
1955	pyrate-limiter
1962	bc-detect-secrets
1969	pytest-subtests
1970	audioop-lts
1971	txaio
1972	social-auth-core
1974	presidio-analyzer
1978	svglib
1979	aws-cdk-cloud-assembly-schema
1983	check-jsonschema
1986	gepa
1987	protego
1992	auth0-python
1993	appium-python-client
1998	basedpyright
1999	django-phonenumber-field
2000	freetype-py
2008	aiormq
2010	krb5
2013	plumbum
2015	accessible-pygments
2020	ansible-compat
2024	opentelemetry-instrumentation-openai
2025	djlint
2031	yq
2034	databricks-labs-dqx
2036	aio-pika
2039	opentelemetry-instrumentation-vertexai
2046	mangum
2047	pycocotools
2048	pubchempy
2049	social-auth-app-django
2050	usaddress
2051	pyhanko-certvalidator
2058	astropy
2059	jsonargparse
2060	cuda-python
2071	jsoncompat
2072	tzfpy
2076	nbclassic
2077	rasterio
2083	pyfiglet
2086	sqlean-py
2092	simsimd
2103	sspilib
2104	aiostream
2105	tweepy
2107	towncrier
2111	dynamodb-json
2114	djangorestframework-stubs
2118	msgraphfs
2119	disposable-email-domains
2121	newrelic
2125	sacrebleu
2128	dbt-redshift
2131	kfp-server-api
2132	locust-cloud
2133	diff-match-patch
2136	pypsrp
2137	lmdb
2150	diracx-core
2153	uv-dynamic-versioning
2166	browser-use
2169	httpx-ws
2170	optax
2174	hubspot-api-client
2183	webargs
2184	scipy-stubs
2185	opentelemetry-instrumentation-langchain
2186	dbl-tempo
2187	multimethod
2188	ec2-metadata
2195	stdlib-list
2196	optype
2197	poethepoet
2198	livekit
2204	aiogram
2220	stockfish
2230	sphinxcontrib-mermaid
2235	opentelemetry-instrumentation-anthropic
2238	brotlicffi
2244	choreographer
2245	gotrue
2246	logistro
2247	traceloop-sdk
2257	utilsforecast
2260	scrapy
2261	ydb-dbapi
2278	arviz
2281	langchain-mongodb
2282	stamina
2283	ua-parser-rs
2289	clang-format
2295	pydata-sphinx-theme
2296	django-simple-history
2297	tantivy
2299	pyairtable
2303	plotnine
2306	yandex-query-client
2310	mizani
2325	mlx-lm
2326	shtab
2327	cucumber-tag-expressions
2331	dirty-equals
2334	statsforecast
2336	braintrust
2338	lmnr
2345	httpx-aiohttp
2346	testfixtures
2348	typed-settings
2355	sqlalchemy-drill
2356	airbyte-cdk
2359	queuelib
2369	python-can
2370	livekit-protocol
2374	presidio-anonymizer
2377	cucumber-expressions
2379	livekit-api
2381	coreforecast
2382	opentelemetry-instrumentation-cohere
2384	langgraph-cli
2385	lance-namespace-urllib3-client
2387	lance-namespace
2390	python-ipware
2392	itemadapter
2394	google-api-python-client-stubs
2396	ecs-logging
2397	django-prometheus
2398	graphframes
2401	opentelemetry-instrumentation-qdrant
2402	scs
2403	gcovr
2404	dataproperty
2407	xai-sdk
2408	algoliasearch
2409	roman-numerals-py
2410	opentelemetry-instrumentation-google-generativeai
2412	opentelemetry-instrumentation-bedrock
2416	opentelemetry-instrumentation-llamaindex
2419	hijridate
2422	itemloaders
2423	pymongo-auth-aws
2425	opentelemetry-instrumentation-ollama
2428	opentelemetry-instrumentation-alephalpha
2432	opentelemetry-instrumentation-crewai
2433	pycrdt
2438	furo
2440	pycep-parser
2442	prefect-docker
2444	pytablewriter
2446	opentelemetry-instrumentation-chromadb
2447	category-encoders
2448	langgraph-checkpoint-postgres
2449	opentelemetry-instrumentation-haystack
2453	aiodocker
2454	tabledata
2461	pyexcel-io
2465	opentelemetry-instrumentation-transformers
2466	chispa
2467	opentelemetry-instrumentation-replicate
2469	bc-python-hcl2
2470	opentelemetry-instrumentation-weaviate
2472	django-health-check
2473	opentelemetry-instrumentation-pinecone
2475	opentelemetry-instrumentation-watsonx
2476	lml
2481	langchain-ollama
2482	magic-filter
2484	colorclass
2488	correctionlib
2490	pyrefly
2491	opentelemetry-instrumentation-mistralai
2492	pytest-dependency
2496	opentelemetry-instrumentation-milvus
2500	tcolorpy
2513	cog
2519	litellm-enterprise
2522	docling-core
2524	pytest-random-order
2525	pyhmmer
2528	opentelemetry-instrumentation-marqo
2529	opentelemetry-instrumentation-lancedb
2534	ada-url
2542	opentelemetry-instrumentation-together
2548	opentelemetry-instrumentation-sagemaker
2551	requests-unixsocket
2561	langchain-experimental
2562	protovalidate
2565	langgraph-checkpoint-mongodb
2566	quart
2571	opentelemetry-instrumentation-mcp
2572	editdistance
2573	bc-jsonpath-ng
2576	xsdata
2578	apache-tvm-ffi
2587	array-api-compat
2588	django-import-export
2590	ndindex
2591	stdlibs
2599	flask-shell-ipython
2602	pyexcel
2609	jupytext
2613	mteb
2618	pagefind-bin
2620	apsw
2628	pagefind
2632	winkerberos
2633	httpx-retries
2645	pytest-test-groups
2652	commitizen
2660	array-record
2661	pytest-bdd
2663	dbt-duckdb
2666	valkey
2671	taskgroup
2680	puccinialin
2693	chex
2697	ufmt
2699	anndata
2700	mkdocs-redirects
2701	qh3
2702	ariadne
2706	flask-admin
2710	numpy-typing-compat
2711	pydantic-yaml
2713	mwparserfromhell
2718	meltano
2721	pysam
2733	supafunc
2741	ansi2html
2743	emmet-api
2745	coincurve
2748	uncertainties
2754	zeroconf
2755	panel
2758	country-converter
2764	iterative-telemetry
2766	python-calamine
2782	pygeohash
2784	mem0ai
2788	pyopengl
2789	apache-sedona
2791	cheroot
2792	exchange-calendars
2796	janus
2804	swig
2808	torchcodec
2812	langgraph-runtime-inmem
2814	pyroscope-io
2815	pymongo-search-utils
2817	django-structlog
2818	types-lxml
2821	urllib3-future
2824	pyannote-audio
2829	confuse
2830	wassima
2837	dvc
2838	brotlipy
2845	pytest-codspeed
2855	legacy-api-wrap
2857	mkdocs-literate-nav
2865	setuptools-git-versioning
2866	jh2
2869	pyannote-core
2870	niquests
2871	marimo
2874	obstore
2875	google-cloud-artifact-registry
2877	numpydoc
2880	sanic
2882	mapbox-earcut
2885	mailchimp-transactional
2888	pyannote-database
2895	duckdb-engine
2898	docling-parse
2903	libtmux
2907	ghstack
2908	ibis-framework
2909	pyexcel-xls
2910	langchain-groq
2912	model-hosting-container-standards
2918	frida
2925	modin
2926	flake8-pyproject
2927	aiodataloader
2945	textblob
2948	comfy-aimdo
2958	pyannote-metrics
2960	wechatpayv3
2964	onnx-ir
2970	crowdstrike-falconpy
2972	plux
2973	django-anymail
2979	strands-agents-tools
2980	pip-licenses
2981	datacompy
2983	pem
2985	granian
2986	ibm-db
2987	bubus
2990	xarray-einstats
2993	pytest-factoryboy
2998	elastic-apm
3005	beanie
3007	pytest-docker-tools
3015	flufl-lock
3016	celery-redbeat
3033	dash-ag-grid
3047	mkdocs-git-revision-date-localized-plugin
3052	opentelemetry-instrumentation-groq
3053	sqllineage
3055	param
3056	signxml
3061	boost-histogram
3063	docling-ibm-models
3074	pytest-watcher
3082	cross-web
3086	litellm-proxy-extras
3090	z3-solver
3108	camel-converter
3117	flatdict
3126	langchain-huggingface
3132	alembic-postgresql-enum
3140	pandas-market-calendars
3142	flake8-comprehensions
3143	loro
3145	pulpcore
3151	hist
3152	http-message-signatures
3154	patchright
3155	tensordict
3173	ydata-profiling
3176	deepgram-sdk
3192	treelib
3193	svix
3194	pymatgen
3196	xattr
3197	pudb
3210	dbt-clickhouse
3214	newrelic-telemetry-sdk
3218	xlsx2csv
3220	mkdocs-section-index
3227	jinja2-cli
3236	jsonnet
3249	pyhpke
3251	jsonschema-spec
3257	pydantic-to-typescript
3263	nebius
3264	polyleven
3266	model-bakery
3269	dvc-data
3274	flake8-import-order
3276	pyannote-pipeline
3286	throttled-py
3287	django-hijack
3303	asyncclick
3317	databricks-labs-remorph
3321	whatthepatch
3322	django-mysql
3335	ariadne-codegen
3339	scmrepo
3367	scantree
3376	dirhash
3446	fast-langdetect
3453	markdown-graphviz-inline
3461	anybadge
3485	gherkin-official
3539	airportsdata
3568	csv-diff
3576	ida-hcli
3584	scikit-base
3594	langchain-chroma
3611	cmaes
3618	dvc-objects
3621	pyvers
3635	openapi-python-client
3648	awkward
3652	psygnal
3667	yt-dlp-ejs
3669	sklearn-compat
3673	tach
3681	langchain-tests
3688	lm-eval
3690	breathe
3716	pytest-flask
3735	pymarkdownlnt
3736	lazy-imports
3743	skl2onnx
3767	dvc-render
3769	coveralls
3772	mpi4py
3773	prefect-dbt
3775	dvc-studio-client
3778	vercel-runtime
3782	prefect-azure
3783	apify-client
3790	sqltrie
3793	nibabel
3799	west
3801	django-vite
3806	flask-oidc
3807	openevals
3810	dvc-task
3813	kconfiglib
3814	dvc-http
3818	testtools
3821	nbsphinx
3823	django-ses
3831	pyexcel-xlsx
3833	flask-smorest
3834	deepagents
3835	pystac
3836	pydicom
3837	pycld2
3838	highspy
3839	apify-shared
3842	unleashclient
3854	flask-marshmallow
3855	gto
3856	flask-debugtoolbar
3857	google-cloud-pipeline-components
3868	alchemlyb
3869	google-cloud-documentai
3870	langchain-fireworks
3871	pycognito
3881	django-linear-migrations
3888	open-webui
3891	plotly-stubs
3894	molecule
3899	spglib
3902	arize-phoenix-otel
3907	dspy-ai
3912	databricks-langchain
3913	fal-client
3918	evidently
3924	argh
3925	pyviz-comms
3926	opentelemetry-instrumentation-openai-agents
3929	litestar
3931	ast-grep-cli
3934	pymongocrypt
3936	docstring-to-markdown
3941	prefect-gcp
3943	strawberry-graphql-django
3946	django-object-actions
3948	currencyconverter
3950	scikit-build
3955	copier
3957	mkdocs-click
3958	langgraph-checkpoint-sqlite
3959	sktime
3961	loky
3963	databricks-ai-bridge
3973	esp-idf-size
3975	bm25s
3978	pydeseq2
3980	zizmor
3984	emmet-core
3987	jax-cuda12-plugin
3991	dbus-fast
3996	ast-grep-py
4001	python-semantic-release
4010	formulaic-contrasts
4011	jax-cuda12-pjrt
4023	manifold3d
4027	pytest-datadir
4030	arq
4044	python-fsutil
4046	flash-attn
4047	plum-dispatch
4048	awesomeversion
4052	uhi
4056	daft
4059	itables
4064	mkdocs-panzoom-plugin
4071	paddlex
4073	arize-phoenix
4076	diracx-client
4077	diracx-cli
4079	honcho
4085	litestar-htmx
4094	lzfse
4095	flask-mail
4098	monty
4101	mkdocs-glightbox
4107	browsergym-core
4113	scenedetect
4123	vhacdx
4129	supervision
4132	pyvista
4135	clang
4138	mdanalysis
4139	interrogate
4141	yara-python
4143	langchain-mistralai
4146	splunk-sdk
4148	treepoem
4149	rope
4161	harfile
4166	mcap
4171	kopf
4173	keyrings-codeartifact
4180	jupyter-ydoc
4181	griddataformats
4187	histoprint
4194	json-stream-rs-tokenizer
4204	esptool
4208	shandy-sqlfmt
4220	json-stream
4221	mplhep
4222	vector
4223	holoviews
4225	mkdocs-gen-files
4226	lameenc
4228	jenkinsapi
4230	jupyter-server-ydoc
4238	google-cloud-recaptcha-enterprise
4240	python-benedict
4241	cython-lint
4245	gtts
4268	cartopy
4276	uncalled
4279	creosote
4288	pwdlib
4290	bootstrap-flask
4292	dify-plugin
4294	praw
4297	prefect-sqlalchemy
4303	jupyter-server-fileid
4311	coredis
4313	roundrobin
4315	falcon
4319	prawcore
4320	watchgod
4321	unstructured-inference
4337	dbt-athena
4340	cibuildwheel
4345	google-cloud-vectorsearch
4348	grain
4349	clerk-backend-api
4352	jupyter-kernel-gateway
4356	django-pydantic-field
4361	google-cloud-org-policy
4364	pytoolconfig
4365	datacontract-cli
4366	google-cloud-os-config
4368	numdifftools
4369	langchain-nvidia-ai-endpoints
4370	inline-snapshot
4371	impit
4381	pytest-pretty
4385	google-cloud-asset
4386	crispy-bootstrap5
4387	google-cloud-ndb
4391	opentelemetry-instrumentation-writer
4395	githubkit
4399	python-memcached
4410	tf2onnx
4411	tabula-py
4413	rubicon-objc
4418	cyclonedx-bom
4419	django-htmx
4420	maison
4427	trackio
4429	kneed
4433	jinjanator
4434	jinjanator-plugins
4439	langchain-pinecone
4442	fast-depends
4445	lintrunner-adapters
4447	looseversion
4451	dvc-s3
4453	python-statemachine
4462	editdistpy
4472	embreex
4473	libvalkey
4478	langchain-postgres
4488	pyiceberg-core
4494	pyvisa
4505	autogen-agentchat
4516	uipath
4518	kafka-python-ng
4519	inotify-simple
4523	gitlint-core
4524	openfeature-sdk
4527	django-loginas
4530	langchain-cohere
4532	abnf
4539	opentelemetry-instrumentation-agno
4549	mcp-use
4550	textcase
4554	quantlib
4556	google-cloud-scheduler
4565	qiskit
4579	optuna-integration
4588	pymc
4590	pytest-testinfra
4591	fickling
4592	sqlalchemy-hana
4595	rtoml
4600	torch-c-dlpack-ext
4604	pydrive2
4607	open-data-contract-standard
4609	autogen-core
4615	dbt-athena-community
4616	datacontract-specification
4620	pymisp
4638	awkward-cpp
4640	openai-chatkit
4646	unlzw3
4664	langchain-perplexity
4667	weave
4669	sphinxcontrib-bibtex
4670	databind-core
4671	databind-json
4673	json-schema-for-humans
4676	flask-flatpages
4685	polyfile-weave
4689	nbstripout
4711	bump-my-version
4716	pytensor
4720	databricks-mcp
4721	google-cloud-functions
4722	py-clob-client
4725	uproot
4727	robust-downloader
4736	scanpy
4738	diraccommon
4741	iminuit
4746	tatsu
4752	robotframework-robocop
4753	homeassistant
4758	mdutils
4761	certbot-dns-multi
4763	flagsmith
4768	auditwheel
4774	matrix-nio
4775	diracx-api
4776	sqlacodegen
4782	fastapi-cache2
4784	pydoe
4795	lap
4806	gitlint
4814	construct-typing
4821	graphframes-py
4823	pymap3d
4825	django-guardian
4826	spacy-curated-transformers
4832	dbt-vertica
4834	wheel-stub
4835	patchy
4836	markuppy
4841	livereload
4847	hogql-parser
4849	angr
4854	mlx
4861	bigframes
4862	pytest-ansible
4878	tom-swe
4884	django-colorfield
4891	stpyv8
4900	posthoganalytics
4905	autogen-ext
4906	sphinx-click
4910	habluetooth
4914	polars-lts-cpu
4918	docstring-parser-fork
4920	koheesio
4928	awslabs-aws-documentation-mcp-server
4934	pyuwsgi
4935	dag-factory
4947	particle
4951	aiosmtpd
4952	pyttsx3
4954	tox-gh-actions
4955	hepunits
4962	molecule-plugins
4971	django-adminplus
4976	app-store-server-library
4991	prefect-shell
5007	algoliasearch-django
5015	pyqtgraph
5016	interpret-core
5022	pvlib
5028	osmnx
5030	fal
5036	scylla-driver
5037	descope
5039	sphinx-gallery
5041	prefixdate
5046	grpc-requests
5047	pyopengl-accelerate
5050	singlestoredb
5051	bravado
5052	systemrdl-compiler
5057	sqladmin
5058	aioesphomeapi
5059	arize-phoenix-client
5062	botorch
5067	pin
5068	dataclasses-json-speakeasy
5079	pybind11-stubgen
5082	mcap-protobuf-support
5083	runpod
5088	ably
5092	pytest-examples
5093	substrait
5095	ovld
5100	robotframework-browser
5107	mlforecast
5109	arize-phoenix-evals
5116	crcmod-plus
5117	langchain-xai
5118	langchain-deepseek
5121	flake8-annotations
5132	python-minifier
5141	trustme
5149	inngest
5154	supervisely
5156	stream-inflate
5157	aiomonitor
5165	moocore
5167	jurigged
5171	airbyte
5174	spacy-pkuseg
5183	stream-unzip
5186	langgraph-supervisor
5189	google-cloud-modelarmor
5195	prefect-github
5196	camelot-py
5206	session-info2
5211	ocrmypdf
5212	mlx-metal
5219	pytest-reportlog
5225	cmake-build-extension
5227	fuzzysearch
5232	truss
5235	meraki
5236	yara-x
5237	requests-ratelimiter
5241	quart-cors
5248	jwskate
5255	databind
5260	setupmeta
5262	tensordict-nightly
5264	langchain-ibm
5265	pyannoteai-sdk
5266	archinfo
5268	prefect-cloud
5274	standardwebhooks
5275	torchrl
5277	unicodedata2
5286	zfit
5300	zfit-interface
5304	pydantic-function-models
5306	pytest-qt
5309	lizard
5312	uipath-core
5314	claripy
5315	izulu
5316	cherrypy
5317	plexapi
5319	cle
5321	fastcrc
5322	authzed
5325	pgspecial
5330	ytsaurus-client
5333	tox-uv-bare
5334	google-cloud-billing
5335	opentelemetry-instrumentation-voyageai
5349	willow
5353	fasta2a
5358	delocate
5360	segmentation-models-pytorch
5362	pixelmatch
5363	pytest-subprocess
5364	pymatgen-analysis-defects
5378	uipath-runtime
5379	django-tasks
5390	doc8
5394	atproto
5399	great-expectations-experimental
5401	canmatrix
5403	imscore
5404	quadprog
5405	eigenpy
5426	dvclive
5428	mapclassify
5431	codecov-cli
5441	openfga-sdk
5450	taskcluster-taskgraph
5453	mcp-server-fetch
5455	pyvisa-py
5459	awslabs-aws-api-mcp-server
5463	django-cte
5464	decord2
5469	django-types
5481	telnyx
5485	pytest-plus
5487	databricks-openai
5490	typeapi
5493	bravado-core
5507	robocorp-vault
5519	cuda-core
5522	test-results-parser
5535	cartesia
5540	tensorly
5544	keplergl
5546	typeid-python
5550	pytest-regressions
5551	sphinxext-opengraph
5557	django-auth-ldap
5567	faiss-gpu-cu12
5574	apify-fingerprint-datapoints
5575	treq
5577	icechunk
5585	econml
5586	bleak-retry-connector
5591	google-cloud-common
5592	astrapy
5594	google-cloud-dialogflow-cx
5595	hvplot
5596	openai-guardrails
5598	inference-gpu
5601	metaflow
5604	prompty
5614	pyftdi
5615	mozilla-taskgraph
5617	pipecat-ai
5641	mkdocs-jupyter
5653	zope-hookable
5659	mplhep-data
5660	scikit-network
5668	pyasyncore
5672	stactools-met-office-deterministic
5674	flask-swagger-ui
5679	labelbox
5682	openexr
5683	filesplit
5685	hydra-colorlog
5694	google-ads-admanager
5709	dnfile
5713	robocorp-storage
5717	py-walk
5720	typesense
5726	ls-buildtools
5737	morefs
5742	inference-cli
5755	qiskit-aer
5757	langchain-qdrant
5791	pyproject-fmt
5798	google-cloud-appengine-admin
5800	python-redis-cache
5810	laces
5819	runez
5833	cmeel-boost
5836	google-cloud-filestore
5861	json-flatten
5863	faust-streaming
5868	sphinx-lint
5871	django-recaptcha
5876	simpleitk
5902	pact-python
5907	dissect-target
5930	google-cloud-webrisk
5934	numba-cuda
5936	red-discordbot
5938	google-cloud-bigquery-connection
5943	clvm-tools-rs
5947	nbqa
5949	django-log-request-id
5950	stream-zip
5952	ncclient
5978	fastapi-limiter
5981	django-select2
5999	clvm-rs
6004	rtest
6009	chronos-forecasting
6012	metpy
6031	mcp-server-git
6039	cdk-ecr-deployment
6043	ziglang
6053	periodictable
6057	hdf5plugin
6058	pytest-describe
6059	google-cloud-alloydb-connector
6064	toml-fmt-common
6069	langchain-milvus
6077	prefect-kubernetes
6082	aiomqtt
6111	airflow-provider-great-expectations
6116	pyvespa
6120	gmpy2
6124	s5cmd
6127	bunnet
6140	moyopy
6146	torchax
6153	window-ops
6154	onnxsim
6157	pre-commit-uv
6161	swapper
6168	webrtcvad-wheels
6169	html2image
6171	pytools
6176	crawlee
6187	calver
6189	cpplint
6190	autoray
6197	numbagg
6198	ci-info
6200	langserve
6201	tox-ansible
6202	throttler
6217	djangorestframework-gis
6221	asyncio-mqtt
6231	nfoursid
6249	langchain-litellm
6251	torch-fidelity
6253	uipath-langchain
6265	django-browser-reload
6279	torch-dftd
6283	gtfs-realtime-bindings
6298	pyexcelerate
6299	cmeel
6300	pybind11-global
6301	pyventus
6309	iterfzf
6317	zope-i18nmessageid
6326	drf-orjson-renderer
6335	async-substrate-interface
6347	mini-racer
6358	lapx
6377	requests-unixsocket2
6379	trame-client
6391	zmq
6392	ida-settings
6397	cclib
6406	trame-server
6407	trame
6410	nlopt
6412	acres
6418	python-miio
6419	flask-pydantic
6426	pyasynchat
6429	aiotools
6431	wslink
6434	pyautogen
6435	st-annotated-text
6436	directsearch
6443	testcontainers-core
6444	authentik-client
6445	rfc8785
6446	nequip
6449	chia-rs
6452	trame-vtk
6453	pytest-localserver
6457	onnxmltools
6460	cmeel-urdfdom
6467	mir-eval
6481	mkdocs-git-authors-plugin
6482	pylint-per-file-ignores
6483	datashader
6499	aqtinstall
6509	zope-proxy
6511	gdal
6515	prometheus-async
6518	data2objects
6525	janaf
6530	torchrl-nightly
6535	flet
6537	starlette-compress
6539	nequip-allegro
6541	neo4j-graphrag
6543	madoka
6546	bluezoo
6560	simplepyble
6568	pytest-md-report
6571	onnxoptimizer
6573	kernels
6583	yake
6585	google-cloud-certificate-manager
6587	html-to-markdown
6589	vt-py
6596	clevercsv
6599	uharfbuzz
6600	pygam
6612	siphash24
6613	simple-repository
6618	simple-repository-server
6621	graphtty
6622	sqlalchemy-singlestoredb
6623	peakrdl-ipxact
6630	fnvhash
6638	trame-common
6642	connect-python
6645	sphinxcontrib-confluencebuilder
6647	airflow-provider-fivetran-async
6651	python-markdown-math
6655	isolate-proto
6660	torchgeo
6665	aiohomematic
6668	escapism
6670	chiavdf
6671	isolate
6675	agate-sql
6677	qiskit-ibm-runtime
6681	dtw-python
6690	streamlit-faker
6695	hyperspy
6702	firebase-functions
6710	flox
6712	chiapos
6719	django-permissions-policy
6723	pathwaysutils
6725	pygraphviz
6729	mojimoji
6733	graphiti-core
6734	podman
6742	prefect-snowflake
6746	cmeel-assimp
6752	arro3-io
6754	agate-excel
6771	pymc3
6772	agate-dbf
6776	mne
6777	csvkit
6778	cogames
6780	databricks-bundles
6783	dbos
6786	aiodynamo
6788	pyproject-flake8
6794	webexteamssdk
6796	grafeas
6802	bittensor-drand
6803	cmeel-octomap
6808	btrees
6812	pysolr
6813	asyncua
6815	dbt-trino
6822	pypac
6823	langchain-elasticsearch
6826	django-classy-tags
6831	acryl-great-expectations
6836	rdt
6838	persistent
6840	cmeel-zlib
6841	cmeel-console-bridge
6842	kuzu
6844	cmeel-qhull
6848	rosettasciio
6849	rlbot
6860	chiabip158
6861	betterproto2
6865	fast-array-utils
6869	meltanolabs-target-snowflake
6871	mip
6873	securesystemslib
6879	aiohttp-client-cache
6889	rio-tiler
6893	hierarchicalforecast
6901	threaded
6911	ahocorasick-rs
6915	pyclibrary
6916	flake8-class-attributes-order
6919	trame-vuetify
6941	bt-decode
6952	githead
6956	flake8-annotations-complexity
6959	json-schema-to-pydantic
6963	asv-runner
6964	flake8-tidy-imports
6967	sphinx-last-updated-by-git
6968	usearch
6971	airflow-exporter
6983	captcha
6986	boruta
6990	robocorp-log
6991	dbldatagen
6995	webdav4
6996	pyangbind
7002	ecmwf-datastores-client
7008	garth
7018	cf-xarray
7020	truss-transfer
7029	baml-py
7031	dbl-discoverx
7034	faiss-gpu
7038	django-upgrade
7044	github-copilot-sdk
7057	htpy
7058	posix-ipc
7061	picobox
7068	ops
7075	linkchecker
7077	django-tailwind
7088	packaging-legacy
7093	interpret
7097	translate-toolkit
7100	langchain-unstructured
7102	django-bootstrap5
7106	pytest-cpp
7121	scipy-openblas32
7128	ipinfo
7135	structlog-gcp
7138	cdk8s
7139	async-interrupt
7140	rio-cogeo
7141	aioftp
7144	argilla
7145	delayed-assert
7147	pymobiledevice3
7148	spsdk
7153	robocorp-tasks
7156	fuzzyset2
7158	hyperscript
7169	python-snap7
7172	formencode
7175	voxel51-eta
7185	rtp
7198	countryinfo
7199	sybil
7208	robocorp
7209	binary
7210	waiter
7211	airtable-python-wrapper
7217	robocorp-workitems
7225	sigstore
7227	ailment
7228	linkup-sdk
7244	python-mecab-ko
7258	requests-gssapi
7266	redlines
7273	flake8-commas
7288	google-cloud-datacatalog-lineage
7300	google-cloud-service-usage
7304	procrastinate
7311	linkml
7313	prefect-slack
7321	bgutil-ytdlp-pot-provider
7323	pygeoif
7331	technical
7337	tuf
7339	ansible-pylibssh
7341	django-haystack
7342	jupyter-book
7351	django-datadog-logger
7352	kanboard
7357	secweb
7362	ft-pandas-ta
7365	ws4py
7366	dishka
7368	crosshair-tool
7371	bluetooth-adapters
7374	fast-simplification
7378	spacy-transformers
7381	sparklines
7386	nbdime
7387	pyink
7389	sliceline
7391	pykcs11
7392	home-assistant-bluetooth
7406	pyperf
7411	falkordb
7412	compiledb
7416	aiologic
7427	django-bootstrap4
7428	fhirclient
7435	mwaa-dr
7441	spectree
7443	llama-stack-client
7451	mcp-server-time
7454	bluetooth-data-tools
7455	blacken-docs
7459	simplification
7477	zensical
7480	xonsh
7491	django-bootstrap3
7507	htbuilder
7510	langchain-azure-ai
7514	scikit-survival
7525	pyxero
7537	langchain-neo4j
7540	awslabs-s3-tables-mcp-server
7542	jsonschema-pydantic-converter
7550	wiremock
7552	google-cloud-securitycenter
7555	pyowm
7566	awslabs-dynamodb-mcp-server
7577	solc-select
7584	abi3audit
7600	complexipy
7611	fastecdsa
7616	laszip
7619	pytest-console-scripts
7620	superqt
7635	flet-web
7636	advanced-alchemy
7641	pynmeagps
7645	dvc-gs
7647	requests-credssp
7648	clang-tidy
7650	rocketchat-api
7662	piper-tts
7663	configspace
7664	mbridge
7672	hcloud
7676	blurhash
7677	sigstore-rekor-types
7678	prefect-email
7682	wmctrl
7684	linkml-runtime
7690	ulid-transform
7691	pickley
7717	copulas
7720	freud-analysis
7721	install-playwright
7724	tfparse
7727	shinychat
7730	prefect-ray
7732	pydriller
7739	ansys-tools-common
7744	ipylab
7745	axe-selenium-python
7753	flask-security-too
7756	rfc3161-client
7760	zxing-cpp
7761	html-for-docx
7762	imperfect
7767	cupy-cuda13x
7779	asynciolimiter
7786	datetimerange
7789	quantulum3
7791	airflow-clickhouse-plugin
7792	jsonobject
7798	django-admin-interface
7801	hyperbrowser
7813	rowan
7819	sphinx-multiversion
7821	i18nice
7823	snakemake-interface-storage-plugins
7824	radish-bdd
7829	peakrdl-regblock
7830	fastkml
7838	pgmpy
7841	ubiquerg
7844	cwl-utils
7849	pandapower
7851	parsnip-cif
7855	simplejpeg
7865	libpass
7874	apiflask
7876	polars-u64-idx
7877	hatch-nodejs-version
7887	pykalman
7894	django-dbbackup
7899	tag-expressions
7900	wandb-workspaces
7903	datadog-checks-base
7906	eml-parser
7931	sphinx-substitution-extensions
7932	libpysal
7936	peakrdl-cheader
7940	google-cloud-bigquery-reservation
7941	peakrdl
7946	sqlite-anyio
7949	foxglove-sdk
7953	jams
7957	bittensor-cli
7960	metadata-please
7961	cocotb
7964	hass-nabucasa
7966	crochet
7968	reflex
7976	pytest-twisted
7978	bentoml
7981	pytorch-forecasting
7984	sphinx-intl
7991	django-watchfiles
7992	streamlit-javascript
7999	scikit-rf
8012	pytest-xvfb
8023	manifestoo-core
8025	dbt
8030	epitran
8041	vectorbt
8051	compel
8056	pygame-ce
8060	google-geo-type
8070	pycrdt-websocket
8072	mnn
8076	aiohttp-middlewares
8078	langchain-astradb
8081	aiooui
8084	llm
8086	accesscontrol
8088	pamela
8094	pylzss
8101	rounders
8102	find-exe
8104	msgspec-click
8106	dep-sync
8108	profiles-rudderstack
8115	cx-freeze
8116	usb-devices
8117	fairchem-core
8118	fastapi-cors
8125	jupyterhub
8126	mcap-ros2-support
8140	pytun-pmd3
8142	epiweeks
8145	hyperscan
8148	bfcl-eval
8151	py4vasp
8153	color-operations
8160	colabfit-kit
8168	peakrdl-html
8169	unstructured-ingest
8171	libuuu
8179	sparse-dot-topn
8185	chialisp
8191	spacy-alignments
8192	zep-python
8193	yamlloader
8194	git-me-the-url
8196	nodejs-wheel
8199	pyimg4
8204	uart-devices
8209	python-pkcs11
8217	filecheck
8219	pandas-profiling
8230	iso-week-date
8238	paradime-io
8240	django-apscheduler
8245	zappa
8247	mkdocs-awesome-nav
8248	pilgram
8251	pwntools
8252	pyrofork
8258	auto-click-auto
8264	peakrdl-uvm
8267	comment-parser
8269	bluetooth-auto-recovery
8273	fiftyone-brain
8288	hdrhistogram
8289	codeflash
8290	acquisition
8297	neuralforecast
8303	loki-logger-handler
8305	domaintools-api
8307	async-cache
8308	zodbpickle
8331	certipy
8333	sigstore-models
8340	skia-pathops
8351	flufl-i18n
8357	pylibjpeg-libjpeg
8363	mcpadapt
8370	pypsexec
8380	httpxthrottlecache
8382	rawpy
8389	python-toon
8394	unicode-segmentation-rs
8395	veracode-api-py
8401	onnx-weekly
8404	fnv-hash-fast
8406	mendeleev
8407	snitun
8409	skippy-cov
8415	mdformat-footnote
8417	vyper
8418	nicknames
8421	normality
8428	stop-words
8430	flask-pymongo
8431	django-maintenance-mode
8439	condense-json
8448	dawg2-python
8459	yacman
8468	windows-curses
8474	cuga
8475	dda
8482	pyseto
8483	fiftyone
8484	prefect-gitlab
8485	olot
8498	httpbin
8499	python-kadmin-rs
8501	zope-security
8524	pyjwt-key-fetcher
8531	foxglove-schemas-protobuf
8546	jupyterlab-git
8552	hatch-jupyter-builder
8559	power-grid-model
8561	vale
8577	dataframely
8585	awslabs-billing-cost-management-mcp-server
8587	pyjanitor
8594	spin
8595	wxpython
8599	drf-jsonschema-serializer
8606	langchain-sambanova
8610	cmeel-tinyxml2
8611	fastmcp-extensions
8615	langchain-graph-retriever
8616	mastodon-py
8617	pycrdt-store
8619	graph-retriever
8622	pysigma
8631	pyopencl
8632	pyts
8633	mkdocs-table-reader-plugin
8639	zyte-api
8647	django-mock-queries
8648	redis-om
8650	dynamicprompts
8661	hpp-fcl
8664	pymc-extras
8670	django-watchman
8672	cachetools-async
8673	cotyledon
8681	ytmusicapi
8682	aiohttp-fast-zlib
8686	pyvex
8698	pytest-reporter-html1
8700	prefect-client
8703	abi3info
8714	fiftyone-db
8717	apple-compress
8723	canvas
8724	k5test
8734	adaptive-cards-py
8735	pdm-build-locked
8743	mkdocs-swagger-ui-tag
8744	testcontainers-minio
8745	pylibjpeg-openjpeg
8751	django-concurrency
8753	krippendorff
8754	ultimate-sitemap-parser
8760	cloudsmith-cli
8764	vortex-data
8773	crytic-compile
8776	pyspelling
8778	migrate-to-uv
8790	mcp-proxy
8795	django-flags
8797	google-cloud-quotas
8798	pydocstringformatter
8800	sshuttle
8807	bioblend
8815	go-task-bin
8822	doccmd
8823	unyt
8828	fish-audio-sdk
8833	mycli
8834	sybil-extras
8845	openimageio
8849	clamav-client
8860	aiozoneinfo
8868	scim2-models
8871	acquire
8876	typst
8877	flake8-pyi
8884	jdk4py
8885	robocorp-browser
8914	peakrdl-systemrdl
8915	sphinx-issues
8921	apify
8922	google-cloud-recommender
8931	cleanlab-tlm
8935	tokamax
8936	glocaltokens
8940	aiohasupervisor
8946	flask-orjson
8947	globus-sdk
8948	django-sql-explorer
8954	coal
8956	py-radix
8957	awslabs-aws-pricing-mcp-server
8963	alt-profanity-check
8977	altcha
8980	flake8-picky-parentheses
8986	prodigyopt
8991	poetry-plugin-shell
8997	sphinxcontrib-apidoc
8999	click-compose
9004	daiquiri
9008	fireblocks
9011	pypresence
9016	rectangle-packer
9024	fastapi-slim
9029	pylibmagic
9034	django-rich
9039	pydantic-to-pyarrow
9054	delvewheel
9059	extensionclass
9061	libigl
9063	codecarbon
9064	busypie
9065	sumy
9069	pylibjpeg
9076	pytest-bazel
9077	hopsworks-aiomysql
9078	pyconify
9083	agentlightning
9087	pydantic-compat
9088	prefect-dask
9099	awslabs-aws-diagram-mcp-server
9100	inference-sdk
9115	lbox-clients
9122	langgraph-checkpoint-aws
9125	qiskit-connector
9129	symusic
9130	googlenewsdecoder
9150	sdmetrics
9153	doppler-sdk
9157	napari-svg
9168	mink
9173	awslabs-aws-dataprocessing-mcp-server
9176	inspect-scout
9177	leval
9178	tabpfn
9183	attmap
9193	pynng
9203	spiceypy
9207	google-cloud-retail
9211	mgrs
9221	mdtraj
9226	sigfig
9229	probablepeople
9230	webrtc-models
9236	google-cloud-parametermanager
9240	fixit
9243	coqui-tts
9249	haliax
9256	jigsawstack
9261	ghome-foyer-api
9269	mkdocs-rss-plugin
9270	mitreattack-python
9274	pydoctor
9306	twisted-iocpsupport
9310	pydantic-partial
9317	mypy-strict-kwargs
9323	google-cloud-monitoring-dashboards
9329	bridgecrew
9332	spnl
9335	whool
9352	torchprofile
9359	cuid2
9360	refgenconf
9362	fingerprints
9364	opensearch-logger
9368	awslabs-aws-healthomics-mcp-server
9370	md2pdf
9376	govuk-bank-holidays
9378	persistence
9383	ctgan
9385	prowler
9388	sdv
9403	cysignals
9414	google-cloud-bigquery-datapolicies
9419	phantom-types
9426	toolbox-core
9434	svix-ksuid
9436	awslabs-redshift-mcp-server
9437	nidaqmx
9439	anta
9478	scout-apm
9481	agent-lifecycle-toolkit
9483	weblate-fonts
9485	g4f
9486	msgspec-m
9494	osquery
9497	esphome
9502	bidsschematools
9516	magicgui
9521	openslide-python
9526	kantoku
9531	mcp-clickhouse
9532	wapi-python
9537	flake8-requirements
9539	django-cryptography-django5
9541	gladiaio-sdk
9543	craft-parts
9546	scim2-server
9547	materialyoucolor
9557	pydantic-monty
9558	flet-desktop
9559	dissect-cstruct
9567	pytailwindcss
9568	rh-model-signing
9569	gxformat2
9570	clvm
9574	dissect-util
9575	dlt-meta
9588	python-docs-theme
9593	disjoint-set
9602	pr-commenter
9604	django-filer
9607	tlparse
9610	mcpforunityserver
9611	tabmat
9616	ua-generator
9619	weblate-schemas
9622	streamlink
9633	slither-analyzer
9634	zope-container
9637	nptdms
9638	rasa-sdk
9646	ipyparallel
9654	stats-can
9660	django-subatomic
9663	django-pgviews-redux
9685	pypdfform
9690	pytket
9694	gdsfactoryplus
9706	axioms-fastapi
9707	google-cloud-redis-cluster
9714	mapie
9726	powerbot-client
9730	logomaker
9735	awslabs-cloudwatch-appsignals-mcp-server
9736	uipath-mcp
9742	lmcache
9744	clvm-tools
9759	esbonio
9764	chacha20poly1305-reuseable
9765	qbittorrent-api
9775	sae-lens
9785	cocotb-bus
9796	google-maps-routeoptimization
9801	pyconfigurator
9802	deepecho
9808	app-model
9811	peppy
9812	pantab
9821	pyap2
9844	metar
9861	wagtail-modeladmin
9867	pephubclient
9876	esp-bool-parser
9879	metricflow
9882	rtfunicode
9886	gersemi
9893	glum
9895	setuptools-odoo
9900	napari
9904	cypher-validator
9911	mcstatus
9912	langchain-redis
9914	graspologic
9915	google-cloud-notebooks
9916	pyavd-utils
9920	django-fsm-2
9921	humanreadable
9924	stestr
9925	jeedomdaemon
9930	dask-jobqueue
9935	tabpfn-common-utils
9937	mdformat-mkdocs
9941	django-otp-webauthn
9945	softlayer
9947	pyrevm
9953	google-apps-meet
9956	crispy-tailwind
9962	markdown-callouts
9965	dbt-metricflow
9969	annotatedyaml
9974	zep-cloud
9988	ete3
9993	pynautobot
9999	eido
10000	jupyterlab-code-formatter
10001	catboost-dev
10005	flask-pydantic-spec
10007	yte
10010	uipath-llamaindex
10017	ansible-pygments
10021	arcgis2geojson
10023	aiohttp-asyncmdnsresolver
10028	dvc-azure
10032	langextract
10038	auto-py-to-exe
10051	pytest-print
10054	domain2idna
10055	pymeshfix
10057	kfp-kubernetes
10058	comfy-env
10062	in-n-out
10065	hsms
10066	grafana-foundation-sdk
10068	sphinxcontrib-katex
10073	simplesat
10083	qcodes
10091	libpinocchio
10092	google-i18n-address
10093	mkdocs-print-site-plugin
10096	esp-idf-monitor
10106	pynetdicom
10110	coloraide
10113	chia-puzzles-py
10114	numbers-parser
10121	ansible-navigator
10128	cycode
10134	learnosity-sdk
10140	pact-python-ffi
10147	pytest-cmake
10159	dowhy
10163	nixtla
10165	xxtea
10170	awslabs-eks-mcp-server
10172	pgqueuer
10173	requests-sse
10175	pyfunceble-process-manager
10184	matplotlib-fontja
10186	aws-durable-execution-sdk-python
10192	pyodbc-mi
10194	sentence-stream
10199	fastled
10202	pytestarch
10208	inference
10219	gwpy
10224	mcp-proxy-for-aws
10234	django-cms
10239	mkdocs-git-committers-plugin-2
10245	voila
10255	python-flirt
10256	optuna-dashboard
10277	pytest-golden
10285	arviz-stats
10291	squawk-cli
10295	prince
10296	github-heatmap
10299	django-pg-migration-tools
10300	pyslang
10302	quart-schema
10303	jupyter-archive
10309	openmock
10315	aes-pkcs5
10316	jubilant
10318	glances
10319	conda-pack
10323	awslabs-cloudwatch-mcp-server
10324	hightime
10325	alita-sdk
10329	python-constraint
10331	cmweather
10333	discord-py-self
10340	scan-build
10343	excel-mcp-server
10344	ob-metaflow-stubs
10347	ipytest
10352	sortedcontainers-stubs
10355	featuretools
10356	tmuxp
10368	commoncode
10372	distinctipy
10373	langchain-databricks
10379	ligotimegps
10391	awslabs-cost-explorer-mcp-server
10392	bigquery-magics
10396	mapply
10397	rfdetr
10413	polars-runtime-64
10415	certbot-dns-azure
10429	nutpie
10435	libcoal
10454	convertapi
10464	shibuya
10473	bump-pydantic
10486	segyio
10493	hydra-zen
10496	dask-ml
10498	dune-client
10503	viv-utils
10504	deepsearch-glm
10512	mergify-cli
10522	google-maps-addressvalidation
10527	ntgcalls
10528	faker-crypto
10540	pyzotero
10541	amazon-braket-sdk
10554	kubernetes-validate
10556	pymc-marketing
10563	google-cloud-video-transcoder
10564	array-api-strict
10573	cornice
10580	pymongoarrow
10583	identity
10593	polars-ols
10610	repomix
10617	quimb
10618	huawei-solar
10624	testinfra
10625	pypolyline
10628	distrax
10630	datasetsforecast
10634	siphon
10637	slh-dsa
10640	manim
10648	arro3-compute
10659	engineering-notation
10663	workspace-mcp
10664	sf-hamilton
10670	pipecat-ai-flows
10671	metaflow-stubs
10685	kubeflow
10691	allure-pytest-default-results
10693	google-cloud-service-control
10694	pyoxigraph
10695	langgraph-swarm
10696	mediafile
10697	opendal
10698	arelle-release
10709	google-maps-places
10710	gpt-oss
10718	fastnanoid
10721	devcycle-python-server-sdk
10730	mkdocs-api-autonav
10731	aiomoto
10733	pyportfolioopt
10736	manimpango
10737	paddle-python-sdk
10756	valohai-utils
10766	pipestat
10767	qiskit-terra
10769	cmap
10791	collectfasta
10793	flexmock
10807	proto-schema-parser
10810	sdmx1
10811	piper
10814	django-enum
10826	yahooquery
10831	pyvcd
10832	dycw-utilities
10842	cbitstruct
10843	mudata
10846	polyscope
10848	broadbean
10849	pytest-spec
10864	markdown-to-json
10873	ignore-python
10878	google-tunix
10881	clang-tool-chain
10884	tlds
10889	pyulog
10890	anycrc
10891	placo
10893	cerbos
10894	heavyball
10896	hatch-protobuf
10898	socketdev
10899	intersphinx-registry
10902	islpy
10918	pytest-testrail
10920	volkswagencarnet
10921	filestack-python
10924	google-cloud-iap
10928	py-ocsf-models
10933	ftd2xx
10940	qiskit-qasm3-import
10944	cxxheaderparser
10961	gridtools-cpp
10967	ansible-creator
10973	baseten-performance-client
10974	wrapper-tls-requests
10983	better-optimize
10993	icalendar-searcher
10995	esphome-dashboard
10997	pyvisa-sim
11000	xsdata-pydantic
11004	logmuse
11012	unittest-parametrize
11014	cmocean
11023	monarchmoney
11027	xtgeo
11032	pysentry-rs
11045	beautysh
11048	dyntastic
11051	python-ffmpeg
11053	pyperformance
11064	ast-decompiler
11082	flask-alembic
11086	pyqwest
11089	pyxdameraulevenshtein
11091	pip-upgrader
11094	coqui-tts-trainer
11096	ordered-enum
11104	librouteros
11110	outerbounds
11111	py-iam-expand
11113	minisbd
11114	ob-metaflow-extensions
11122	arrow-odbc
11136	hdx-python-utilities
11141	siphashc
11143	marvin
11164	kedro-mlflow
11178	cupy-cuda11x
11180	nocasedict
11188	openbabel-wheel
11191	fuzzyfinder
11192	fedora-messaging
11194	pycolmap
11201	django-fsm-log
11204	pingparsing
11205	sax
11222	dbt-metabase
11243	asyncgui
11253	sphinxext-rediraffe
11260	langchain-cerebras
11262	uplink
11267	pytest-container
11272	jupyter-sphinx
11280	pytest-xdist-worker-stats
11283	executorch
11303	tiledb
11323	excel-formulas-calculator
11325	biip
11326	streamlit-pdf
11329	tox-gh
11333	lightrag-hku
11338	pytest-loop
11343	onnx-simplifier
11345	pyopenjtalk
11346	lerobot
11350	wn
11362	poml
11363	bittensor
11368	arcade-mcp-server
11379	foxglove-client
11383	flare-capa
11385	isocodes
11390	unidep
11392	uipath-platform
11393	pyexcel-ods3
11396	pysodium
11398	scrapinghub
11403	linode-cli
11405	scrapy-zyte-api
11406	kreuzberg
11433	conda-lock
11443	prosemirror
11451	ansible-dev-environment
11452	asynckivy
11454	ansible-sign
11455	patroni
11463	telegramify-markdown
11465	parfive
11480	pip-licenses-lib
11487	rusket
11488	environ-config
11510	ansible-dev-tools
11526	dolphin-memory-engine
11529	snowflake-connector-python-nightly
11538	apig-wsgi
11545	http-sf
11546	cvat-sdk
11549	wtforms-sqlalchemy
11558	cotengra
11567	monotonic-alignment-search
11572	mad-prefect
11574	pytest-rich
11575	toon-format
11578	betterproto2-compiler
11584	brokenaxes
11606	pygments-styles
11611	snakemake-interface-executor-plugins
11615	hepconvert
11616	pydantic-geojson
11618	zaproxy
11630	linode-api4
11632	coal-library
11633	colpali-engine
11640	django-clickhouse-backend
11641	river
11646	spsdk-pyocd
11647	metaflow-checkpoint
11650	djade
11655	maturin-import-hook
11658	mistral-vibe
11660	weblate-language-data
11663	pybids
11667	requests-hardened
11668	uxarray
11671	dask-glm
11673	convertbng
11678	flet-cli
11679	uv-sort
11684	fingerprint-pro-server-api-sdk
11691	httpdbg
11694	django-bootstrap-datepicker-plus
11696	beets
11697	intbitset
11698	tetgen
11699	shot-scraper
11704	brother-ql-inventree
11705	amalgam-lang
11708	cityseer
11711	linopy
11716	actions-python-core
11725	scipp
11732	streamlit-nightly
11733	feedgenerator
11734	fcmaes
11738	dex-retargeting
11741	scrapy-splash
11750	mkdocs-same-dir
11752	janitor-rs
11761	xclim
11769	openslide-bin
11779	databend-driver
11786	nautobot-floor-plan
11801	mkdocs-drawio
11807	myskoda
11809	pylast
11812	f5-tts
11814	projen
11815	odmantic
11817	coqpit-config
11822	cydifflib
11826	arcade-tdk
11832	inboard
11839	robosuite
11848	auth0-api-python
11849	cdp-sdk
11851	arcade-core
11853	socketsecurity
11856	ufo2ft
11863	blurb
11878	flask-security
11879	rensa
11893	asyncpraw
11897	asknews
11904	openjd-model
11905	kcidb-io
11906	lambdapdk
11911	sqlalchemy-solr
11916	datasette
11920	sunpy
11921	pyspark-extension
11928	pytest-reverse
11930	silx
11931	nested-diff
11932	python-cmr
11935	dictpath
11948	drf-excel
11949	pybigtools
11963	freeze-core
11973	comfy-cli
11977	typhoon-rainflow
11988	testgres
11995	esda
12002	cantera
12003	ott-jax
12006	qiskit-algorithms
12008	amazon-braket-default-simulator
12012	arcade-serve
12017	openfeature-provider-flagsmith
12020	pybammsolvers
12027	pulsar-galaxy-lib
12029	glyphslib
12036	awslabs-iam-mcp-server
12038	joblib-stubs
12044	proxsuite
12053	cylp
12056	python-didl-lite
12058	ob-project-utils
12062	django-click
12065	spsdk-mcu-link
12076	gitignorant
12078	snakemake-interface-logger-plugins
12083	webexpythonsdk
12088	sphn
12091	pyspiral
12094	sort-lines
12095	ops-scenario
12102	fastcluster
12108	rwslib
12110	aoe2rec-py
12111	django-typer
12112	miniupnpc
12113	seqlog
12120	pyscard
12128	pyobvector
12146	pyspark-nested-functions
12148	aws-arn
12150	conventional-pre-commit
12155	asyncprawcore
12157	deadline
12159	perpetual
12162	duckdb-extensions
12167	aeventkit
12175	jupyter-collaboration
12188	mecab-ko
12192	pyproject-dependencies
12198	galileo-core
12200	linode-metadata
12202	fastly
12205	earthaccess
12207	union
12208	pyaskalono
12217	prefab-cloud-python
12218	woodwork
12225	django-zeal
12232	pkginfo2
12235	gitingest
12237	gllm-inference-binary
12240	pymeasure
12248	pint-xarray
12258	cocoindex
12263	gotenberg-client
12265	langchain-together
12270	ophyd
12272	sqlalchemy-easy-softdelete
12274	cosmic-ray
12286	fabio
12297	sdk-reforge
12304	sprocket-rl-parser
12306	tiledbsoma
12310	eip712
12312	eliot
12318	bioutils
12321	torchio
12323	pyproject2conda
12327	ry
12332	gt4py
12333	python-evtx
12334	typer-cli
12335	polars-strsim
12342	asyncmy2
12344	pytest-unused-fixtures
12349	stellar-sdk
12351	bagit
12356	esphome-glyphsets
12358	paracelsus
12359	dool
12364	dockerflow
12365	jupyter-resource-usage
12368	ndcube
12373	autoclasstoc
12386	wagtail-localize
12404	instana
12405	pip-licenses-cli
12408	awslabs-aurora-dsql-mcp-server
12410	asgi-csrf
12411	pytest-mergify
12413	scrapling
12414	ibm-watson
12431	django-vies
12432	pyrfc
12434	somadata
12441	google-meridian
12446	dbt-autofix
12454	typecode
12463	django-perf-rec
12466	zenml
12471	langchain-weaviate
12477	awslabs-mysql-mcp-server
12479	instructure-dap-client
12483	xdrlib3
12484	pytorch-pretrained-bert
12485	flare-floss
12486	j2lint
12487	pysen-plugins
12491	dvc-ssh
12496	pytango
12509	pytest-httpbin
12511	aws-advanced-python-wrapper
12513	comfy-test
12516	django-admin-extra-buttons
12521	volue-insight-timeseries
12522	pyinstaller-versionfile
12524	invokeai
12525	python-immutable
12528	scancode-toolkit
12537	picows
12543	django-modeltree
12546	python-roborock
12551	ansys-sphinx-theme
12556	python-debouncer
12560	underthesea-core
12562	dissect-hypervisor
12572	sphinxcontrib-typer
12575	anndata2ri
12576	python-msilib
12577	line-protocol-parser
12583	dask-kubernetes
12586	charmcraftcache
12592	pyromark
12602	container-inspector
12610	py-yt-search
12613	eval-protocol
12614	pytest-codecov
12615	presidio-image-redactor
12623	bids-validator
12636	spotdl
12643	fm-index
12662	momepy
12671	alluka
12684	pyedb
12687	run-mcp-servers-with-aws-lambda
12691	ciris-verify
12705	qhchina
12723	abqpy
12727	fast-edit-distance
12729	openfeature-provider-flagd
12730	giddy
12734	uv-secure
12735	bpy-helper
12739	coveo-functools
12742	roc-validator
12747	deluge-client
12751	moto-ext
12755	osm2geojson
12756	fastobo
12757	bolivar
12761	mypyllant
12767	zope-index
12777	herbie-data
12783	translation-finder
12784	crested
12789	coveo-systools
12797	streamlit-webrtc
12801	pyemvue
12813	simple-exr
12814	amazon-braket-schemas
12853	pgvecto-rs
12857	cdk-docker-image-deployment
12863	pymiele
12864	nitypes
12869	pelican
12874	dpgui
12878	chart-studio
12880	mkdocs-build-plantuml-plugin
12882	napari-plugin-manager
12883	refgenie
12886	recipe-scrapers
12891	django-valkey
12894	wllegal
12905	pytest-run-parallel
12906	nudenet
12910	skia-python
12916	tippecanoe
12926	testcontainers-redis
12930	fastdigest
12936	langchain-docling
12938	emoji-country-flag
12941	tower
12944	async-upnp-client
12949	pcodec
12968	vtracer
12971	langchain-exa
12975	mindroom
12982	cysystemd
12983	tskit
12988	ansys-tools-visualization-interface
12993	vws-auth-tools
12998	scikit-learn-stubs
13002	bencode2
13005	dissect-volume
13006	pyserial-asyncio-fast
13010	sphinxcontrib-images
13019	galaxy-release-util
13020	python-codon-tables
13023	paddle
13038	cdk-monitoring-constructs
13045	fuzzy-date
13050	pylibyear
13064	chellow
13069	pypcode
13070	resfo
13075	mcp-run-python
13077	oauthenticator
13093	submodlib-py
13101	rust-pgn-reader-python-binding
13104	openjd-sessions
13114	spsdk-pqc
13117	pyamg
13121	fastapi-keycloak
13130	yaozarrs
13134	antimeridian
13151	testcontainers-mysql
13154	home-assistant-frontend
13168	tensorzero
13174	sentry-auth-oidc
13181	surrealdb
13184	cdk-tweet-queue
13185	fastapi-injector
13188	discord-protos
13190	python-redux
13198	pytest-sphinx
13212	qiskit-ionq
13216	awslabs-cdk-mcp-server
13217	openskill
13219	django-treenode
13227	pyjoulescope-driver
13240	terminaltables3
13243	rigour
13247	wavelet-matrix
13249	fluids
13251	mdformat-front-matters
13254	total-perspective-vortex
13288	sift-stack-py
13304	mkdocs-minify-html-plugin
13346	vws-python
13377	onyx-devtools
13411	vws-test-fixtures
13427	qiskit-experiments
13478	mmdb-writer
13492	awslabs-cloudtrail-mcp-server
13499	cupy
13505	pyhelm3
13506	pymonocypher
13519	python-osc
13556	sqlframe
13563	xmlformatter
13564	pythermite
13576	extractous
13607	ozi
13616	opentrons
13622	solarfactors
13630	roffio
13637	cosmos-xenna
13660	browsergym
13665	megatron-energon
13667	vaex-core
13671	eeweather
13672	graphene-sqlalchemy-filter
13681	gstaichi
13685	flask-classful
13687	asciimatics
13688	wakepy
13689	pytest-jupyter
13691	polars-cloud
13693	certificates
13696	langchain-cli
13701	pkgconf
13705	aiotieba
13710	opentrons-shared-data
13713	cv2-enumerate-cameras
13719	awslabs-bedrock-kb-retrieval-mcp-server
13725	sigstore-protobuf-specs
13730	st-gsheets-connection
13735	cascadio
13740	binary-refinery
13753	orange-widget-base
13754	pyjsonpatch
13756	ssdp
13761	pytest-echo
13780	blockkit
13785	jijmodeling
13789	poetry-plugin-bundle
13801	ansys-edb-core
13812	elastic-opentelemetry
13820	custodian
13822	nautobot-bgp-models
13842	pymammotion
13850	rust-pyfunc
13857	ansys-api-edb
13858	flametree
13864	pyreqwest
13869	dnachisel
13875	eerepr
13878	cql2
13879	pyjls
13880	deadline-cloud-test-fixtures
13885	minfraud
13888	sdkit
13894	dbt-tests-adapter
13896	msprime
13904	foxglove-websocket
13906	hassil
13910	duckdb-extension-httpfs
13911	pulpcore-client
13913	pipecat-ai-small-webrtc-prebuilt
13919	pypistats
13921	flet-desktop-light
13928	coveo-itertools
13930	json-with-comments
13934	dbt-score
13936	aimodelshare
13937	chrome-version
13939	fastapi-decorators
13940	darwin-py
13941	pyrtcm
13946	devpi-plumber
13949	vws-web-tools
13968	rsconnect-python
13969	pydemumble
13973	pocket-tts
13983	rhoknp
13985	lambdalib
13993	kubernetes-typed
13994	basic-memory
13995	pyjpegls
14002	pycroscope
14014	proxyproviders
14019	pytest-ipywidgets
14027	emport
14028	requests-mock-flask
14030	ko-speech-tools
14038	aiohomekit
14040	xbbg
14043	djangocms-attributes-field
14047	fmf
14057	openmpi
14060	fast-plaid
14067	pytest-check-links
14069	google-cloud-dialogflow
14071	satkit
14077	scvi-tools
14087	unicode-rbnf
14089	comfy-3d-viewers
14090	dissect-ntfs
14095	useq-schema
14113	pydoe3
14118	fastjet
14121	pyexcel-webio
14122	browsergym-webarena
14135	browsergym-miniwob
14142	nsepython
14147	onvif-zeep-async
14153	gridstatus
14154	oauth-cli-kit
14156	data-to-xml
14157	lcpdelta
14159	pybamm
14162	aioairctrl
14175	pytest-item-dict
14189	profiles-rudderstack-bin
14191	dicomweb-client
14196	friendlywords
14198	uipath-dev
14199	grafeo
14201	bermuda
14210	langchain-voyageai
14214	django-extra-settings
14230	llama-stack
14232	jupyter-collaboration-ui
14236	dbt-meshify
14238	fakturace
14243	dbt-fusion-package-tools
14251	strands-agents-builder
14253	ert
14258	quil
14275	splines
14276	pytest-xml
14281	cdflib
14289	pyxcp
14290	django-private-storage
14295	orange3
14296	npx
14301	xrpl-py
14304	pyisbn
14309	jupyterlab-execute-time
14311	unitypy
14316	babeldoc
14322	unflatten
14328	joulescope
14336	synphot
14343	scispacy
14345	cjdk
14353	docstrfmt
14362	robotpy-wpiutil
14369	hai
14371	habanero
14372	sphinxawesome-theme
14389	qiskit-ibm-experiment
14396	google-cloud-api-keys
14406	mkdocs-shadcn
14409	sql-compare
14413	swiglpk
14415	munge
14416	browsergym-experiments
14418	pyvirtualcam
14419	py-rattler
14428	pymatreader
14431	pypcapkit
14433	wlhosted
14438	laituri
14439	robotpy-cppheaderparser
14441	bluesky
14447	jupyter-docprovider
14471	stravalib
14483	ai-parrot
14485	rebound
14486	litecli
14498	dbt-bouncer
14499	audeer
14514	meilisearch-python-sdk
14529	awslabs-ecs-mcp-server
14542	cmasher
14543	odc-loader
14545	tosa-adapter-model-explorer
14548	awslabs-well-architected-security-mcp-server
14550	pykka
14553	pontos
14564	pywbem
14572	duckduckgo-mcp-server
14573	reachy-mini
14576	dvc-gdrive
14580	dbt-mcp
14589	urllib3-lts
14591	siliconcompiler
14594	pyrotgfork
14597	qcs-sdk-python
14600	djangocms-text
14610	contrast-agent
14613	ptflops
14614	pronto
14615	chemicals
14622	magiccube
14637	aiopenapi3
14639	imbox
14641	pqcrypto
14649	patronus
14651	betamax
14652	rtslib-fb
14654	fieldz
14660	somacore
14664	simple-rdp
14678	mdformat-admon
14687	ocean-spark-airflow-provider
14691	lqp
14698	python-amazon-paapi
14699	bump
14702	pypgstac
14707	pytest-skip-markers
14713	typsht
14714	histomicstk
14724	hydraters
14733	gate-api
14744	keepa
14748	jobase
14759	event-model
14763	tosholi
14775	django-typomatic
14781	copium
14787	bbox-visualizer
14795	dbt-sl-sdk
14797	dissect-extfs
14801	maafw
14802	pymetasploit3
14812	graphql-core-promise
14816	howso-engine
14819	dissect-evidence
14820	audiofile
14825	pyuspto
14830	homeconnect-websocket
14836	google-cloud-contentwarehouse
14844	datrie
14849	auditwheel-emscripten
14871	drf-recaptcha
14876	fit-tool
14878	devpi-process
14881	jupyterlite-core
14883	acquire-zarr
14886	pypartmc
14887	gooddata-sdk
14888	hydra-optuna-sweeper
14896	browsergym-visualwebarena
14903	craft-store
14906	ptars
14910	gflanguages
14913	fortranformat
14920	gooddata-api-client
14924	matplotlib-stubs
14928	charm-refresh-build-version
14937	ckanapi
14957	llvm-demangle-fxti
14964	slurm-usage
14972	looptime
14976	sphinx-argparse-cli
14977	mng
14981	bids-validator-deno
14984	dissect-regf
14986	qtutils
14996	geojson-rewind
14997	retworkx
